FirstName, LastName, Phone, Email, Work, City, Address
Laura, Smith, (01524) 701395, laurasmith@mail.com, Driver, Carnforth, 47 Stankelt Road
Justin, Mcdonal, (575) 6466223, jmcdonald@mail.com, Lawyer, New Mexico, New Mexico State University
Michele, Haber, (575) 6461705, michelle@mail.com, Artist, Las Cruces, New Mexico University
Robert, Hagevor, (575) 9852292, roberhg@mail.com, Govern, Las Cruces, New Mexico State University
Niles, Larry, (819) 566-4673, larryniles@mail.com, Manager, New York, 445 des Erables Sherbrooke
Larry, Evans, (819) 648-5403, larryevans@gmail.com, Artist, New York, 81 Mtee Mgr Martell
Alan, Blyth, (604) 2724034, blythalan@gmail.com, Referee, Liverpool, 4500 Westwater
Emma, Watson, (819) 9979231, emmawatson@yahoo.com, Farmer, California, California Hotel
Wasis, Sirutama, (+62) 81348496929, wasisindo@gmail.com, Teacher, Samarinda, Jln. pramuka 6 no.52
Emma, Watson, (819) 1002992, emmawatson@gmail.com, Actress, Los Angeles, 123 Flat Street
Laura, Carlton, (604) 2778788, lauracarl@mail.com, Musician, Manchester, 245 Manchester Flat
Kevin, Aprillio, (0541) 767990, aprilkevin@mail.com, Musician, Jakarta, Jl. Tebet Utara gg.5
